,dataset,runNum,LS,eventNum
0,bkg_2018_ZJets_ZJetsNuNu_HT800to1200,1,467,4317875
1,bkg_2018_ZJets_ZJetsNuNu_HT800to1200,1,671,6208180
2,bkg_2018_ZJets_ZJetsNuNu_HT800to1200,1,298,2751915
3,bkg_2018_ZJets_ZJetsNuNu_HT800to1200,1,2591,23992635
4,bkg_2018_ZJets_ZJetsNuNu_HT800to1200,1,2078,19240139
5,bkg_2018_ZJets_ZJetsNuNu_HT800to1200,1,1282,11864826
6,bkg_2018_ZJets_ZJetsNuNu_HT800to1200,1,1524,14108256
7,bkg_2018_ZJets_ZJetsNuNu_HT800to1200,1,1832,16959812
8,bkg_2018_ZJets_ZJetsNuNu_HT800to1200,1,197,1819692
9,bkg_2018_ZJets_ZJetsNuNu_HT800to1200,1,290,2679071
10,bkg_2018_ZJets_ZJetsNuNu_HT800to1200,1,2461,22790526
11,bkg_2018_ZJets_ZJetsNuNu_HT800to1200,1,28,258386
12,bkg_2018_ZJets_ZJetsNuNu_HT800to1200,1,1679,15544389
13,bkg_2018_ZJets_ZJetsNuNu_HT800to1200,1,2098,19431044
14,bkg_2018_ZJets_ZJetsNuNu_HT800to1200,1,2066,19134079
15,bkg_2018_ZJets_ZJetsNuNu_HT800to1200,1,2141,19828457
16,bkg_2018_ZJets_ZJetsNuNu_HT800to1200,1,1537,14230864
17,bkg_2018_ZJets_ZJetsNuNu_HT800to1200,1,371,3429696
0,bkg_2018_ZJets_ZJetsNuNu_HT400to600,1,6518,55760792
1,bkg_2018_ZJets_ZJetsNuNu_HT400to600,1,6778,57990484
2,bkg_2018_ZJets_ZJetsNuNu_HT400to600,1,1895,16211438
3,bkg_2018_ZJets_ZJetsNuNu_HT400to600,1,12770,109258744
4,bkg_2018_ZJets_ZJetsNuNu_HT400to600,1,15723,134520647
5,bkg_2018_ZJets_ZJetsNuNu_HT400to600,1,11153,95419468
6,bkg_2018_ZJets_ZJetsNuNu_HT400to600,1,19,162558
7,bkg_2018_ZJets_ZJetsNuNu_HT400to600,1,25359,216963079
8,bkg_2018_ZJets_ZJetsNuNu_HT400to600,1,5027,43010322
9,bkg_2018_ZJets_ZJetsNuNu_HT400to600,1,24,202338
10,bkg_2018_ZJets_ZJetsNuNu_HT400to600,1,646,5520865
11,bkg_2018_ZJets_ZJetsNuNu_HT400to600,1,17634,150870114
12,bkg_2018_ZJets_ZJetsNuNu_HT400to600,1,8349,71426575
13,bkg_2018_ZJets_ZJetsNuNu_HT400to600,1,4596,39323062
14,bkg_2018_ZJets_ZJetsNuNu_HT400to600,1,25337,216775445
15,bkg_2018_ZJets_ZJetsNuNu_HT400to600,1,18035,154300753
16,bkg_2018_ZJets_ZJetsNuNu_HT400to600,1,9401,80434317
17,bkg_2018_ZJets_ZJetsNuNu_HT400to600,1,4929,42172075
18,bkg_2018_ZJets_ZJetsNuNu_HT400to600,1,1419,12137125
19,bkg_2018_ZJets_ZJetsNuNu_HT400to600,1,1297,11095552
20,bkg_2018_ZJets_ZJetsNuNu_HT400to600,1,5112,43736965
21,bkg_2018_ZJets_ZJetsNuNu_HT400to600,1,11546,98785603
22,bkg_2018_ZJets_ZJetsNuNu_HT400to600,1,11951,102246651
23,bkg_2018_ZJets_ZJetsNuNu_HT400to600,1,12420,106263653
24,bkg_2018_ZJets_ZJetsNuNu_HT400to600,1,23837,203941600
25,bkg_2018_ZJets_ZJetsNuNu_HT400to600,1,14320,122517234
26,bkg_2018_ZJets_ZJetsNuNu_HT400to600,1,16306,139510653
27,bkg_2018_ZJets_ZJetsNuNu_HT400to600,1,12460,106600985
28,bkg_2018_ZJets_ZJetsNuNu_HT400to600,1,21473,183718441
29,bkg_2018_ZJets_ZJetsNuNu_HT400to600,1,993,8493007
30,bkg_2018_ZJets_ZJetsNuNu_HT400to600,1,18885,161572113
31,bkg_2018_ZJets_ZJetsNuNu_HT400to600,1,12874,110143430
32,bkg_2018_ZJets_ZJetsNuNu_HT400to600,1,14643,125281166
33,bkg_2018_ZJets_ZJetsNuNu_HT400to600,1,231,1975084
34,bkg_2018_ZJets_ZJetsNuNu_HT400to600,1,2233,19100838
35,bkg_2018_ZJets_ZJetsNuNu_HT400to600,1,22099,189075542
36,bkg_2018_ZJets_ZJetsNuNu_HT400to600,1,21215,181513674
37,bkg_2018_ZJets_ZJetsNuNu_HT400to600,1,8883,75998136
38,bkg_2018_ZJets_ZJetsNuNu_HT400to600,1,2450,20955608
39,bkg_2018_ZJets_ZJetsNuNu_HT400to600,1,4755,40682546
40,bkg_2018_ZJets_ZJetsNuNu_HT400to600,1,16619,142186984
41,bkg_2018_ZJets_ZJetsNuNu_HT400to600,1,11515,98518780
42,bkg_2018_ZJets_ZJetsNuNu_HT400to600,1,1226,10487317
43,bkg_2018_ZJets_ZJetsNuNu_HT400to600,1,533,4559307
44,bkg_2018_ZJets_ZJetsNuNu_HT400to600,1,13981,119618149
45,bkg_2018_ZJets_ZJetsNuNu_HT400to600,1,8714,74548477
46,bkg_2018_ZJets_ZJetsNuNu_HT400to600,1,4746,40601081
47,bkg_2018_ZJets_ZJetsNuNu_HT400to600,1,10089,86316759
48,bkg_2018_ZJets_ZJetsNuNu_HT400to600,1,12036,102977113
49,bkg_2018_ZJets_ZJetsNuNu_HT400to600,1,16673,142648031
0,bkg_2018_ZJets_ZJetsNuNu_HT400to600,1,2814,24071962
1,bkg_2018_ZJets_ZJetsNuNu_HT400to600,1,3921,33541073
2,bkg_2018_ZJets_ZJetsNuNu_HT400to600,1,3111,26612088
3,bkg_2018_ZJets_ZJetsNuNu_HT400to600,1,2730,23353124
4,bkg_2018_ZJets_ZJetsNuNu_HT400to600,1,3736,31961215
5,bkg_2018_ZJets_ZJetsNuNu_HT400to600,1,6167,52763911
6,bkg_2018_ZJets_ZJetsNuNu_HT400to600,1,14447,123602200
7,bkg_2018_ZJets_ZJetsNuNu_HT400to600,1,6020,51499006
8,bkg_2018_ZJets_ZJetsNuNu_HT400to600,1,9550,81708119
9,bkg_2018_ZJets_ZJetsNuNu_HT400to600,1,14955,127954123
10,bkg_2018_ZJets_ZJetsNuNu_HT400to600,1,22977,196587103
11,bkg_2018_ZJets_ZJetsNuNu_HT400to600,1,21053,180126140
12,bkg_2018_ZJets_ZJetsNuNu_HT400to600,1,18117,155006419
13,bkg_2018_ZJets_ZJetsNuNu_HT400to600,1,22077,188886336
14,bkg_2018_ZJets_ZJetsNuNu_HT400to600,1,3913,33473799
15,bkg_2018_ZJets_ZJetsNuNu_HT400to600,1,3518,30095414
16,bkg_2018_ZJets_ZJetsNuNu_HT400to600,1,4079,34891734
17,bkg_2018_ZJets_ZJetsNuNu_HT400to600,1,15844,135556005
18,bkg_2018_ZJets_ZJetsNuNu_HT400to600,1,4821,41247210
19,bkg_2018_ZJets_ZJetsNuNu_HT400to600,1,16802,143749575
20,bkg_2018_ZJets_ZJetsNuNu_HT400to600,1,14304,122378415
21,bkg_2018_ZJets_ZJetsNuNu_HT400to600,1,14511,124152477
22,bkg_2018_ZJets_ZJetsNuNu_HT400to600,1,24297,207881728
23,bkg_2018_ZJets_ZJetsNuNu_HT400to600,1,22011,188322057
24,bkg_2018_ZJets_ZJetsNuNu_HT400to600,1,6557,56098233
25,bkg_2018_ZJets_ZJetsNuNu_HT400to600,1,10289,88024764
26,bkg_2018_ZJets_ZJetsNuNu_HT400to600,1,18982,162406173
27,bkg_2018_ZJets_ZJetsNuNu_HT400to600,1,18739,160330112
28,bkg_2018_ZJets_ZJetsNuNu_HT400to600,1,19122,163602467
29,bkg_2018_ZJets_ZJetsNuNu_HT400to600,1,19776,169202371
30,bkg_2018_ZJets_ZJetsNuNu_HT400to600,1,18254,156172817
31,bkg_2018_ZJets_ZJetsNuNu_HT400to600,1,22037,188540998
32,bkg_2018_ZJets_ZJetsNuNu_HT400to600,1,18221,155893010
33,bkg_2018_ZJets_ZJetsNuNu_HT400to600,1,12285,105110397
34,bkg_2018_ZJets_ZJetsNuNu_HT400to600,1,24695,211290249
35,bkg_2018_ZJets_ZJetsNuNu_HT400to600,1,19836,169711798
36,bkg_2018_ZJets_ZJetsNuNu_HT400to600,1,8728,74672635
37,bkg_2018_ZJets_ZJetsNuNu_HT400to600,1,20601,176261490
38,bkg_2018_ZJets_ZJetsNuNu_HT400to600,1,20925,179028586
39,bkg_2018_ZJets_ZJetsNuNu_HT400to600,1,9908,84765833
40,bkg_2018_ZJets_ZJetsNuNu_HT400to600,1,16935,144890385
41,bkg_2018_ZJets_ZJetsNuNu_HT400to600,1,11321,96855572
42,bkg_2018_ZJets_ZJetsNuNu_HT400to600,1,10201,87276437
43,bkg_2018_ZJets_ZJetsNuNu_HT400to600,1,9168,78435984
44,bkg_2018_ZJets_ZJetsNuNu_HT400to600,1,10993,94049080
0,bkg_2018_ZJets_ZJetsNuNu_HT600to800,1,1659,18300566
1,bkg_2018_ZJets_ZJetsNuNu_HT600to800,1,2698,29767798
2,bkg_2018_ZJets_ZJetsNuNu_HT600to800,1,2091,23075856
3,bkg_2018_ZJets_ZJetsNuNu_HT600to800,1,1905,21025259
4,bkg_2018_ZJets_ZJetsNuNu_HT600to800,1,5295,58434972
5,bkg_2018_ZJets_ZJetsNuNu_HT600to800,1,5252,57962112
6,bkg_2018_ZJets_ZJetsNuNu_HT600to800,1,2266,25009212
7,bkg_2018_ZJets_ZJetsNuNu_HT600to800,1,3525,38901395
8,bkg_2018_ZJets_ZJetsNuNu_HT600to800,1,523,5770215
9,bkg_2018_ZJets_ZJetsNuNu_HT600to800,1,3839,42370216
10,bkg_2018_ZJets_ZJetsNuNu_HT600to800,1,6163,68013603
11,bkg_2018_ZJets_ZJetsNuNu_HT600to800,1,6163,68016617
12,bkg_2018_ZJets_ZJetsNuNu_HT600to800,1,4553,50244535
13,bkg_2018_ZJets_ZJetsNuNu_HT600to800,1,19,200223
14,bkg_2018_ZJets_ZJetsNuNu_HT600to800,1,6384,70453335
15,bkg_2018_ZJets_ZJetsNuNu_HT600to800,1,834,9195581
16,bkg_2018_ZJets_ZJetsNuNu_HT600to800,1,4687,51725883
17,bkg_2018_ZJets_ZJetsNuNu_HT600to800,1,6044,66699056
18,bkg_2018_ZJets_ZJetsNuNu_HT600to800,1,5446,60106435
19,bkg_2018_ZJets_ZJetsNuNu_HT600to800,1,3666,40458779
20,bkg_2018_ZJets_ZJetsNuNu_HT600to800,1,5218,57589135
21,bkg_2018_ZJets_ZJetsNuNu_HT600to800,1,4414,48716556
22,bkg_2018_ZJets_ZJetsNuNu_HT600to800,1,6471,71413401
23,bkg_2018_ZJets_ZJetsNuNu_HT600to800,1,5396,59550196
24,bkg_2018_ZJets_ZJetsNuNu_HT600to800,1,3497,38592701
25,bkg_2018_ZJets_ZJetsNuNu_HT600to800,1,5409,59692137
26,bkg_2018_ZJets_ZJetsNuNu_HT600to800,1,1080,11919283
27,bkg_2018_ZJets_ZJetsNuNu_HT600to800,1,6053,66806792
28,bkg_2018_ZJets_ZJetsNuNu_HT600to800,1,4193,46270936
29,bkg_2018_ZJets_ZJetsNuNu_HT600to800,1,5183,57203192
30,bkg_2018_ZJets_ZJetsNuNu_HT600to800,1,569,6269797
31,bkg_2018_ZJets_ZJetsNuNu_HT600to800,1,1812,19992355
32,bkg_2018_ZJets_ZJetsNuNu_HT600to800,1,1329,14667436
33,bkg_2018_ZJets_ZJetsNuNu_HT600to800,1,4733,52229458
0,bkg_2018_ZJets_ZJetsNuNu_HT2500toInf,1,478,3136845
0,bkg_2018_ZJets_ZJetsNuNu_HT1200to2500,1,421,3317446
0,bkg_2018_ZJets_ZJetsNuNu_HT100to200,1,1626,15190340
0,bkg_2018_ZJets_ZJetsNuNu_HT200to400,1,14178,130083113
1,bkg_2018_ZJets_ZJetsNuNu_HT200to400,1,13146,120609135
2,bkg_2018_ZJets_ZJetsNuNu_HT200to400,1,1589,14574604
3,bkg_2018_ZJets_ZJetsNuNu_HT200to400,1,9292,85246550
4,bkg_2018_ZJets_ZJetsNuNu_HT200to400,1,13895,127484984
5,bkg_2018_ZJets_ZJetsNuNu_HT200to400,1,23485,215467984
6,bkg_2018_ZJets_ZJetsNuNu_HT200to400,1,15879,145687764
7,bkg_2018_ZJets_ZJetsNuNu_HT200to400,1,10016,91892631
8,bkg_2018_ZJets_ZJetsNuNu_HT200to400,1,5339,48983017
9,bkg_2018_ZJets_ZJetsNuNu_HT200to400,1,5601,51383020
10,bkg_2018_ZJets_ZJetsNuNu_HT200to400,1,5785,53076467
11,bkg_2018_ZJets_ZJetsNuNu_HT200to400,1,5446,49961094
12,bkg_2018_ZJets_ZJetsNuNu_HT200to400,1,7882,72309966
13,bkg_2018_ZJets_ZJetsNuNu_HT200to400,1,3593,32957077
14,bkg_2018_ZJets_ZJetsNuNu_HT200to400,1,16108,147788590
15,bkg_2018_ZJets_ZJetsNuNu_HT200to400,1,24822,227737536
16,bkg_2018_ZJets_ZJetsNuNu_HT200to400,1,4137,37952009
17,bkg_2018_ZJets_ZJetsNuNu_HT200to400,1,4919,45127567
0,bkg_2018_ZJets_ZJetsNuNu_HT400to600,1,17724,151640888
1,bkg_2018_ZJets_ZJetsNuNu_HT400to600,1,16629,142274908
2,bkg_2018_ZJets_ZJetsNuNu_HT400to600,1,5660,48422992
3,bkg_2018_ZJets_ZJetsNuNu_HT400to600,1,5802,49637946
4,bkg_2018_ZJets_ZJetsNuNu_HT400to600,1,14904,127511795
5,bkg_2018_ZJets_ZJetsNuNu_HT400to600,1,17780,152120217
6,bkg_2018_ZJets_ZJetsNuNu_HT400to600,1,6060,51842988
7,bkg_2018_ZJets_ZJetsNuNu_HT400to600,1,15570,133208614
8,bkg_2018_ZJets_ZJetsNuNu_HT400to600,1,7285,62329265
9,bkg_2018_ZJets_ZJetsNuNu_HT400to600,1,25193,215542759
10,bkg_2018_ZJets_ZJetsNuNu_HT400to600,1,21871,187124251
11,bkg_2018_ZJets_ZJetsNuNu_HT400to600,1,10659,91191836
12,bkg_2018_ZJets_ZJetsNuNu_HT400to600,1,11352,97125363
13,bkg_2018_ZJets_ZJetsNuNu_HT400to600,1,14746,126159765
14,bkg_2018_ZJets_ZJetsNuNu_HT400to600,1,10360,88635108
15,bkg_2018_ZJets_ZJetsNuNu_HT400to600,1,10635,90985604
16,bkg_2018_ZJets_ZJetsNuNu_HT400to600,1,11961,102337689
17,bkg_2018_ZJets_ZJetsNuNu_HT400to600,1,10742,91902462
18,bkg_2018_ZJets_ZJetsNuNu_HT400to600,1,12890,110278832
19,bkg_2018_ZJets_ZJetsNuNu_HT400to600,1,13663,116897001
20,bkg_2018_ZJets_ZJetsNuNu_HT400to600,1,24756,211809804
21,bkg_2018_ZJets_ZJetsNuNu_HT400to600,1,22904,195963205
22,bkg_2018_ZJets_ZJetsNuNu_HT400to600,1,20988,179567363
23,bkg_2018_ZJets_ZJetsNuNu_HT400to600,1,2330,19928118
24,bkg_2018_ZJets_ZJetsNuNu_HT400to600,1,19268,164851478
25,bkg_2018_ZJets_ZJetsNuNu_HT400to600,1,5842,49978618
26,bkg_2018_ZJets_ZJetsNuNu_HT400to600,1,23797,203606632
27,bkg_2018_ZJets_ZJetsNuNu_HT400to600,1,4459,38146157
28,bkg_2018_ZJets_ZJetsNuNu_HT400to600,1,10207,87323634
29,bkg_2018_ZJets_ZJetsNuNu_HT400to600,1,17470,149471895
30,bkg_2018_ZJets_ZJetsNuNu_HT400to600,1,5189,44396387
31,bkg_2018_ZJets_ZJetsNuNu_HT400to600,1,13481,115336821
32,bkg_2018_ZJets_ZJetsNuNu_HT400to600,1,5877,50280168
33,bkg_2018_ZJets_ZJetsNuNu_HT400to600,1,21496,183918740
34,bkg_2018_ZJets_ZJetsNuNu_HT400to600,1,22325,191007290
35,bkg_2018_ZJets_ZJetsNuNu_HT400to600,1,6454,55211934
36,bkg_2018_ZJets_ZJetsNuNu_HT400to600,1,1729,14789629
37,bkg_2018_ZJets_ZJetsNuNu_HT400to600,1,1720,14708378
38,bkg_2018_ZJets_ZJetsNuNu_HT400to600,1,9806,83898821
39,bkg_2018_ZJets_ZJetsNuNu_HT400to600,1,5270,45089675
40,bkg_2018_ZJets_ZJetsNuNu_HT400to600,1,9453,80871974
41,bkg_2018_ZJets_ZJetsNuNu_HT400to600,1,6749,57735999
42,bkg_2018_ZJets_ZJetsNuNu_HT400to600,1,11441,97883535
43,bkg_2018_ZJets_ZJetsNuNu_HT400to600,1,6553,56062718
44,bkg_2018_ZJets_ZJetsNuNu_HT400to600,1,6659,56971326
45,bkg_2018_ZJets_ZJetsNuNu_HT400to600,1,9941,85048903
46,bkg_2018_ZJets_ZJetsNuNu_HT400to600,1,5893,50416928
47,bkg_2018_ZJets_ZJetsNuNu_HT400to600,1,21865,187073614
48,bkg_2018_ZJets_ZJetsNuNu_HT400to600,1,8752,74879016
49,bkg_2018_ZJets_ZJetsNuNu_HT400to600,1,4691,40128193
50,bkg_2018_ZJets_ZJetsNuNu_HT400to600,1,8178,69966044
51,bkg_2018_ZJets_ZJetsNuNu_HT400to600,1,9727,83219189
52,bkg_2018_ZJets_ZJetsNuNu_HT400to600,1,17706,151488745
53,bkg_2018_ZJets_ZJetsNuNu_HT400to600,1,10732,91818487
54,bkg_2018_ZJets_ZJetsNuNu_HT400to600,1,24769,211923425
0,bkg_2018_ZJets_ZJetsNuNu_HT200to400,1,10695,98125936
1,bkg_2018_ZJets_ZJetsNuNu_HT200to400,1,862,7901418
2,bkg_2018_ZJets_ZJetsNuNu_HT200to400,1,2854,26184058
3,bkg_2018_ZJets_ZJetsNuNu_HT200to400,1,18069,165780727
4,bkg_2018_ZJets_ZJetsNuNu_HT200to400,1,9349,85769169
5,bkg_2018_ZJets_ZJetsNuNu_HT200to400,1,10156,93180245
6,bkg_2018_ZJets_ZJetsNuNu_HT200to400,1,11233,103060527
7,bkg_2018_ZJets_ZJetsNuNu_HT200to400,1,5736,52619742
8,bkg_2018_ZJets_ZJetsNuNu_HT200to400,1,8981,82398635
9,bkg_2018_ZJets_ZJetsNuNu_HT200to400,1,6502,59652064
10,bkg_2018_ZJets_ZJetsNuNu_HT200to400,1,6707,61535458
11,bkg_2018_ZJets_ZJetsNuNu_HT200to400,1,4442,40749712
12,bkg_2018_ZJets_ZJetsNuNu_HT200to400,1,13968,128151672
13,bkg_2018_ZJets_ZJetsNuNu_HT200to400,1,14290,131109209
14,bkg_2018_ZJets_ZJetsNuNu_HT200to400,1,16551,151852881
15,bkg_2018_ZJets_ZJetsNuNu_HT200to400,1,7601,69735295
16,bkg_2018_ZJets_ZJetsNuNu_HT200to400,1,12754,117009757
17,bkg_2018_ZJets_ZJetsNuNu_HT200to400,1,17974,164905000
18,bkg_2018_ZJets_ZJetsNuNu_HT200to400,1,25446,233464224
19,bkg_2018_ZJets_ZJetsNuNu_HT200to400,1,15004,137652787
20,bkg_2018_ZJets_ZJetsNuNu_HT200to400,1,20784,190688361
21,bkg_2018_ZJets_ZJetsNuNu_HT200to400,1,22353,205085822
22,bkg_2018_ZJets_ZJetsNuNu_HT200to400,1,9623,88287091
23,bkg_2018_ZJets_ZJetsNuNu_HT200to400,1,9617,88235012
24,bkg_2018_ZJets_ZJetsNuNu_HT200to400,1,12033,110402539
25,bkg_2018_ZJets_ZJetsNuNu_HT200to400,1,23245,213263872
26,bkg_2018_ZJets_ZJetsNuNu_HT200to400,1,13750,126152901
0,bkg_2018_WJets_WJetsLNu_HT600to800,1,8763,79037900
1,bkg_2018_WJets_WJetsLNu_HT600to800,1,4170,37606420
2,bkg_2018_WJets_WJetsLNu_HT600to800,1,7485,67512724
3,bkg_2018_WJets_WJetsLNu_HT600to800,1,9235,83296196
4,bkg_2018_WJets_WJetsLNu_HT600to800,1,1539,13880970
5,bkg_2018_WJets_WJetsLNu_HT600to800,1,7570,68274028
6,bkg_2018_WJets_WJetsLNu_HT600to800,1,6235,56233626
7,bkg_2018_WJets_WJetsLNu_HT600to800,1,750,6757253
8,bkg_2018_WJets_WJetsLNu_HT600to800,1,1933,17430163
9,bkg_2018_WJets_WJetsLNu_HT600to800,1,7410,66833495
10,bkg_2018_WJets_WJetsLNu_HT600to800,1,5134,46306457
11,bkg_2018_WJets_WJetsLNu_HT600to800,1,653,5885585
12,bkg_2018_WJets_WJetsLNu_HT600to800,1,4341,39149718
13,bkg_2018_WJets_WJetsLNu_HT600to800,1,3066,27647908
14,bkg_2018_WJets_WJetsLNu_HT600to800,1,5005,45144870
15,bkg_2018_WJets_WJetsLNu_HT600to800,1,1734,15636758
16,bkg_2018_WJets_WJetsLNu_HT600to800,1,5986,53990880
17,bkg_2018_WJets_WJetsLNu_HT600to800,1,749,6755622
18,bkg_2018_WJets_WJetsLNu_HT600to800,1,1370,12351668
19,bkg_2018_WJets_WJetsLNu_HT600to800,1,138,1239119
0,bkg_2018_WJets_WJetsLNu_HT600to800,1,5844,52712181
1,bkg_2018_WJets_WJetsLNu_HT600to800,1,5704,51441627
2,bkg_2018_WJets_WJetsLNu_HT600to800,1,8342,75241405
3,bkg_2018_WJets_WJetsLNu_HT600to800,1,293,2642515
4,bkg_2018_WJets_WJetsLNu_HT600to800,1,6627,59766891
5,bkg_2018_WJets_WJetsLNu_HT600to800,1,1460,13160880
6,bkg_2018_WJets_WJetsLNu_HT600to800,1,8355,75353664
7,bkg_2018_WJets_WJetsLNu_HT600to800,1,7529,67905576
8,bkg_2018_WJets_WJetsLNu_HT600to800,1,4545,40991121
9,bkg_2018_WJets_WJetsLNu_HT600to800,1,9825,88614030
10,bkg_2018_WJets_WJetsLNu_HT600to800,1,7698,69429411
11,bkg_2018_WJets_WJetsLNu_HT600to800,1,3433,30957184
12,bkg_2018_WJets_WJetsLNu_HT600to800,1,7023,63346831
13,bkg_2018_WJets_WJetsLNu_HT600to800,1,7046,63548029
14,bkg_2018_WJets_WJetsLNu_HT600to800,1,9495,85644383
15,bkg_2018_WJets_WJetsLNu_HT600to800,1,9163,82650102
16,bkg_2018_WJets_WJetsLNu_HT600to800,1,4158,37504546
17,bkg_2018_WJets_WJetsLNu_HT600to800,1,2683,24193213
18,bkg_2018_WJets_WJetsLNu_HT600to800,1,2689,24246262
19,bkg_2018_WJets_WJetsLNu_HT600to800,1,4058,36595776
0,bkg_2018_WJets_WJetsLNu_HT800to1200,1,9308,76915898
1,bkg_2018_WJets_WJetsLNu_HT800to1200,1,4860,40154782
2,bkg_2018_WJets_WJetsLNu_HT800to1200,1,6648,54932641
3,bkg_2018_WJets_WJetsLNu_HT800to1200,1,1116,9221548
4,bkg_2018_WJets_WJetsLNu_HT800to1200,1,2013,16628541
5,bkg_2018_WJets_WJetsLNu_HT800to1200,1,7450,61559710
6,bkg_2018_WJets_WJetsLNu_HT800to1200,1,4451,36775976
7,bkg_2018_WJets_WJetsLNu_HT800to1200,1,7909,65356905
8,bkg_2018_WJets_WJetsLNu_HT800to1200,1,10452,86374727
9,bkg_2018_WJets_WJetsLNu_HT800to1200,1,1155,9541171
10,bkg_2018_WJets_WJetsLNu_HT800to1200,1,412,3398218
11,bkg_2018_WJets_WJetsLNu_HT800to1200,1,5755,47553368
12,bkg_2018_WJets_WJetsLNu_HT800to1200,1,3765,31107365
13,bkg_2018_WJets_WJetsLNu_HT800to1200,1,2475,20446646
14,bkg_2018_WJets_WJetsLNu_HT800to1200,1,2660,21981062
15,bkg_2018_WJets_WJetsLNu_HT800to1200,1,2916,24090949
16,bkg_2018_WJets_WJetsLNu_HT800to1200,1,3840,31726239
17,bkg_2018_WJets_WJetsLNu_HT800to1200,1,3840,31730772
18,bkg_2018_WJets_WJetsLNu_HT800to1200,1,9438,77995571
19,bkg_2018_WJets_WJetsLNu_HT800to1200,1,7849,64862900
0,bkg_2018_WJets_WJetsLNu_HT800to1200,1,10559,87255898
1,bkg_2018_WJets_WJetsLNu_HT800to1200,1,6616,54666843
2,bkg_2018_WJets_WJetsLNu_HT800to1200,1,609,5024698
3,bkg_2018_WJets_WJetsLNu_HT800to1200,1,3198,26425419
4,bkg_2018_WJets_WJetsLNu_HT800to1200,1,6738,55682776
5,bkg_2018_WJets_WJetsLNu_HT800to1200,1,4452,36790234
6,bkg_2018_WJets_WJetsLNu_HT800to1200,1,10712,88518931
7,bkg_2018_WJets_WJetsLNu_HT800to1200,1,4418,36506723
8,bkg_2018_WJets_WJetsLNu_HT800to1200,1,1319,10899060
9,bkg_2018_WJets_WJetsLNu_HT800to1200,1,3546,29299920
10,bkg_2018_WJets_WJetsLNu_HT800to1200,1,8605,71103556
11,bkg_2018_WJets_WJetsLNu_HT800to1200,1,2567,21211170
12,bkg_2018_WJets_WJetsLNu_HT800to1200,1,6644,54902155
13,bkg_2018_WJets_WJetsLNu_HT800to1200,1,3236,26742076
14,bkg_2018_WJets_WJetsLNu_HT800to1200,1,3823,31591395
15,bkg_2018_WJets_WJetsLNu_HT800to1200,1,5552,45874969
16,bkg_2018_WJets_WJetsLNu_HT800to1200,1,7737,63936372
17,bkg_2018_WJets_WJetsLNu_HT800to1200,1,1946,16075924
18,bkg_2018_WJets_WJetsLNu_HT800to1200,1,1864,15398654
19,bkg_2018_WJets_WJetsLNu_HT800to1200,1,1066,8807470
20,bkg_2018_WJets_WJetsLNu_HT800to1200,1,1387,11459706
21,bkg_2018_WJets_WJetsLNu_HT800to1200,1,10225,84491764
22,bkg_2018_WJets_WJetsLNu_HT800to1200,1,4298,35513823
23,bkg_2018_WJets_WJetsLNu_HT800to1200,1,3525,29126840
24,bkg_2018_WJets_WJetsLNu_HT800to1200,1,634,5231224
0,bkg_2018_WJets_WJetsLNu_HT200to400,1,52526,377550682
1,bkg_2018_WJets_WJetsLNu_HT200to400,1,290,2084485
2,bkg_2018_WJets_WJetsLNu_HT200to400,1,1119,8039250
3,bkg_2018_WJets_WJetsLNu_HT200to400,1,73935,531440548
4,bkg_2018_WJets_WJetsLNu_HT200to400,1,78695,565658271
5,bkg_2018_WJets_WJetsLNu_HT200to400,1,16630,119533685
6,bkg_2018_WJets_WJetsLNu_HT200to400,1,26683,191794641
7,bkg_2018_WJets_WJetsLNu_HT200to400,1,71894,516767463
8,bkg_2018_WJets_WJetsLNu_HT200to400,1,779,5598954
9,bkg_2018_WJets_WJetsLNu_HT200to400,1,66,473034
10,bkg_2018_WJets_WJetsLNu_HT200to400,1,797,5725737
11,bkg_2018_WJets_WJetsLNu_HT200to400,1,34244,246140752
12,bkg_2018_WJets_WJetsLNu_HT200to400,1,75817,544966113
13,bkg_2018_WJets_WJetsLNu_HT200to400,1,73637,529301062
14,bkg_2018_WJets_WJetsLNu_HT200to400,1,76708,551372897
15,bkg_2018_WJets_WJetsLNu_HT200to400,1,80895,581472666
16,bkg_2018_WJets_WJetsLNu_HT200to400,1,68720,493957390
17,bkg_2018_WJets_WJetsLNu_HT200to400,1,42473,305290511
18,bkg_2018_WJets_WJetsLNu_HT200to400,1,67710,486695964
19,bkg_2018_WJets_WJetsLNu_HT200to400,1,42130,302826863
0,bkg_2018_WJets_WJetsLNu_HT400to600,1,1935,16994117
1,bkg_2018_WJets_WJetsLNu_HT400to600,1,2797,24568012
2,bkg_2018_WJets_WJetsLNu_HT400to600,1,2933,25761473
3,bkg_2018_WJets_WJetsLNu_HT400to600,1,7547,66285760
4,bkg_2018_WJets_WJetsLNu_HT400to600,1,2795,24545040
5,bkg_2018_WJets_WJetsLNu_HT400to600,1,6976,61274961
6,bkg_2018_WJets_WJetsLNu_HT400to600,1,5066,44498753
7,bkg_2018_WJets_WJetsLNu_HT400to600,1,4277,37561664
8,bkg_2018_WJets_WJetsLNu_HT400to600,1,5464,47992773
9,bkg_2018_WJets_WJetsLNu_HT400to600,1,4514,39645712
10,bkg_2018_WJets_WJetsLNu_HT400to600,1,7549,66306809
11,bkg_2018_WJets_WJetsLNu_HT400to600,1,7031,61758475
12,bkg_2018_WJets_WJetsLNu_HT400to600,1,3579,31429785
13,bkg_2018_WJets_WJetsLNu_HT400to600,1,9847,86489526
14,bkg_2018_WJets_WJetsLNu_HT400to600,1,2359,20714670
15,bkg_2018_WJets_WJetsLNu_HT400to600,1,1689,14834382
16,bkg_2018_WJets_WJetsLNu_HT400to600,1,2612,22939470
17,bkg_2018_WJets_WJetsLNu_HT400to600,1,3841,33737585
18,bkg_2018_WJets_WJetsLNu_HT400to600,1,3086,27104193
19,bkg_2018_WJets_WJetsLNu_HT400to600,1,8053,70731570
20,bkg_2018_WJets_WJetsLNu_HT400to600,1,4522,39716575
21,bkg_2018_WJets_WJetsLNu_HT400to600,1,4904,43071156
22,bkg_2018_WJets_WJetsLNu_HT400to600,1,611,5365944
23,bkg_2018_WJets_WJetsLNu_HT400to600,1,1857,16303807
24,bkg_2018_WJets_WJetsLNu_HT400to600,1,3194,28050833
25,bkg_2018_WJets_WJetsLNu_HT400to600,1,8443,74159076
0,bkg_2018_WJets_WJetsLNu_HT200to400,1,7647,54965154
1,bkg_2018_WJets_WJetsLNu_HT200to400,1,21693,155922342
2,bkg_2018_WJets_WJetsLNu_HT200to400,1,4646,33389954
3,bkg_2018_WJets_WJetsLNu_HT200to400,1,28796,206982125
4,bkg_2018_WJets_WJetsLNu_HT200to400,1,35237,253281508
5,bkg_2018_WJets_WJetsLNu_HT200to400,1,46380,333377131
6,bkg_2018_WJets_WJetsLNu_HT200to400,1,54331,390526226
7,bkg_2018_WJets_WJetsLNu_HT200to400,1,43599,313386613
8,bkg_2018_WJets_WJetsLNu_HT200to400,1,2132,15318811
9,bkg_2018_WJets_WJetsLNu_HT200to400,1,2988,21471512
10,bkg_2018_WJets_WJetsLNu_HT200to400,1,69214,497503697
11,bkg_2018_WJets_WJetsLNu_HT200to400,1,13683,98347169
12,bkg_2018_WJets_WJetsLNu_HT200to400,1,57665,414495622
13,bkg_2018_WJets_WJetsLNu_HT200to400,1,72658,522264321
14,bkg_2018_WJets_WJetsLNu_HT200to400,1,77478,556908650
15,bkg_2018_WJets_WJetsLNu_HT200to400,1,62875,451944750
16,bkg_2018_WJets_WJetsLNu_HT200to400,1,72052,517905519
17,bkg_2018_WJets_WJetsLNu_HT200to400,1,76951,553116680
18,bkg_2018_WJets_WJetsLNu_HT200to400,1,79483,571318524
19,bkg_2018_WJets_WJetsLNu_HT200to400,1,74625,536400461
20,bkg_2018_WJets_WJetsLNu_HT200to400,1,78891,567063121
21,bkg_2018_WJets_WJetsLNu_HT200to400,1,14486,104123612
0,bkg_2018_WJets_WJetsLNu_HT2500toInf,1,2612,15000721
1,bkg_2018_WJets_WJetsLNu_HT2500toInf,1,3568,20494229
0,bkg_2018_WJets_WJetsLNu_HT200to400,1,66665,479186649
1,bkg_2018_WJets_WJetsLNu_HT200to400,1,23744,170667469
2,bkg_2018_WJets_WJetsLNu_HT200to400,1,42623,306369100
3,bkg_2018_WJets_WJetsLNu_HT200to400,1,68578,492937138
4,bkg_2018_WJets_WJetsLNu_HT200to400,1,4364,31363055
5,bkg_2018_WJets_WJetsLNu_HT200to400,1,34648,249042845
6,bkg_2018_WJets_WJetsLNu_HT200to400,1,58716,422043467
7,bkg_2018_WJets_WJetsLNu_HT200to400,1,43163,310252621
8,bkg_2018_WJets_WJetsLNu_HT200to400,1,69643,500590001
9,bkg_2018_WJets_WJetsLNu_HT200to400,1,5276,37923198
10,bkg_2018_WJets_WJetsLNu_HT200to400,1,60573,435397190
11,bkg_2018_WJets_WJetsLNu_HT200to400,1,70951,509989305
12,bkg_2018_WJets_WJetsLNu_HT200to400,1,60426,434336512
13,bkg_2018_WJets_WJetsLNu_HT200to400,1,70328,505510511
14,bkg_2018_WJets_WJetsLNu_HT200to400,1,4428,31824008
15,bkg_2018_WJets_WJetsLNu_HT200to400,1,21245,152706337
16,bkg_2018_WJets_WJetsLNu_HT200to400,1,33642,241813184
17,bkg_2018_WJets_WJetsLNu_HT200to400,1,8728,62729878
18,bkg_2018_WJets_WJetsLNu_HT200to400,1,9087,65314190
19,bkg_2018_WJets_WJetsLNu_HT200to400,1,26806,192675182
20,bkg_2018_WJets_WJetsLNu_HT200to400,1,42015,301997315
21,bkg_2018_WJets_WJetsLNu_HT200to400,1,26995,194036488
22,bkg_2018_WJets_WJetsLNu_HT200to400,1,27850,200178784
23,bkg_2018_WJets_WJetsLNu_HT200to400,1,25548,183637308
24,bkg_2018_WJets_WJetsLNu_HT200to400,1,48806,350812496
0,bkg_2018_WJets_WJetsLNu_HT1200to2500,1,520,4329454
1,bkg_2018_WJets_WJetsLNu_HT1200to2500,1,7429,61868567
2,bkg_2018_WJets_WJetsLNu_HT1200to2500,1,8694,72401276
3,bkg_2018_WJets_WJetsLNu_HT1200to2500,1,3161,26317719
4,bkg_2018_WJets_WJetsLNu_HT1200to2500,1,528,4396928
5,bkg_2018_WJets_WJetsLNu_HT1200to2500,1,3989,33213611
0,bkg_2018_WJets_WJetsLNu_HT1200to2500,1,4276,35602475
1,bkg_2018_WJets_WJetsLNu_HT1200to2500,1,3619,30134788
2,bkg_2018_WJets_WJetsLNu_HT1200to2500,1,546,4546088
3,bkg_2018_WJets_WJetsLNu_HT1200to2500,1,579,4814854
4,bkg_2018_WJets_WJetsLNu_HT1200to2500,1,5532,46062867
5,bkg_2018_WJets_WJetsLNu_HT1200to2500,1,2095,17441240
6,bkg_2018_WJets_WJetsLNu_HT1200to2500,1,2241,18656006
7,bkg_2018_WJets_WJetsLNu_HT1200to2500,1,833,6935793
8,bkg_2018_WJets_WJetsLNu_HT1200to2500,1,2188,18218646
9,bkg_2018_WJets_WJetsLNu_HT1200to2500,1,9010,75032163
10,bkg_2018_WJets_WJetsLNu_HT1200to2500,1,6912,57556723
11,bkg_2018_WJets_WJetsLNu_HT1200to2500,1,3853,32084671
0,bkg_2018_WJets_WJetsLNu_HT1200to2500,1,7505,62498768
1,bkg_2018_WJets_WJetsLNu_HT1200to2500,1,9482,78959021
2,bkg_2018_WJets_WJetsLNu_HT1200to2500,1,5994,49915071
3,bkg_2018_WJets_WJetsLNu_HT1200to2500,1,3874,32259017
4,bkg_2018_WJets_WJetsLNu_HT1200to2500,1,4268,35543466
5,bkg_2018_WJets_WJetsLNu_HT1200to2500,1,4890,40723332
6,bkg_2018_WJets_WJetsLNu_HT1200to2500,1,7120,59291049
7,bkg_2018_WJets_WJetsLNu_HT1200to2500,1,7902,65806158
8,bkg_2018_WJets_WJetsLNu_HT1200to2500,1,9725,80986262
9,bkg_2018_WJets_WJetsLNu_HT1200to2500,1,9828,81844053
10,bkg_2018_WJets_WJetsLNu_HT1200to2500,1,6110,50877132
0,bkg_2018_TTbar_TTToSemiLeptonic,1,45683,45682242
1,bkg_2018_TTbar_TTToSemiLeptonic,1,203128,203127811
2,bkg_2018_TTbar_TTToSemiLeptonic,1,474573,474572687
3,bkg_2018_TTbar_TTToSemiLeptonic,1,193469,193468839
4,bkg_2018_TTbar_TTToSemiLeptonic,1,135592,135591460
5,bkg_2018_TTbar_TTToSemiLeptonic,1,128634,128633351
6,bkg_2018_TTbar_TTToSemiLeptonic,1,128364,128363034
7,bkg_2018_TTbar_TTToSemiLeptonic,1,25488,25487530
8,bkg_2018_TTbar_TTToSemiLeptonic,1,134693,134692761
9,bkg_2018_TTbar_TTToSemiLeptonic,1,35627,35626535
10,bkg_2018_TTbar_TTToSemiLeptonic,1,251638,251637528
11,bkg_2018_TTbar_TTToSemiLeptonic,1,43263,43262056
12,bkg_2018_TTbar_TTToSemiLeptonic,1,29213,29212907
13,bkg_2018_TTbar_TTToSemiLeptonic,1,54751,54750451
14,bkg_2018_TTbar_TTToSemiLeptonic,1,24335,24334576
15,bkg_2018_TTbar_TTToSemiLeptonic,1,57071,57070015
16,bkg_2018_TTbar_TTToSemiLeptonic,1,5960,5959129
17,bkg_2018_TTbar_TTToSemiLeptonic,1,154812,154811596
18,bkg_2018_TTbar_TTToSemiLeptonic,1,20558,20557183
19,bkg_2018_TTbar_TTToSemiLeptonic,1,48295,48294010
20,bkg_2018_TTbar_TTToSemiLeptonic,1,22525,22524096
21,bkg_2018_TTbar_TTToSemiLeptonic,1,22145,22144620
22,bkg_2018_TTbar_TTToSemiLeptonic,1,22849,22848411
23,bkg_2018_TTbar_TTToSemiLeptonic,1,146259,146258750
24,bkg_2018_TTbar_TTToSemiLeptonic,1,459698,459697002
25,bkg_2018_TTbar_TTToSemiLeptonic,1,389128,389127505
26,bkg_2018_TTbar_TTToSemiLeptonic,1,387440,387439007
27,bkg_2018_TTbar_TTToSemiLeptonic,1,392294,392293004
0,bkg_2018_TTbar_TTToSemiLeptonic,1,71353,71352956
1,bkg_2018_TTbar_TTToSemiLeptonic,1,96012,96011954
2,bkg_2018_TTbar_TTToSemiLeptonic,1,112104,112103578
3,bkg_2018_TTbar_TTToSemiLeptonic,1,65252,65251316
4,bkg_2018_TTbar_TTToSemiLeptonic,1,426101,426100455
5,bkg_2018_TTbar_TTToSemiLeptonic,1,291343,291342643
6,bkg_2018_TTbar_TTToSemiLeptonic,1,57954,57953026
7,bkg_2018_TTbar_TTToSemiLeptonic,1,58173,58172064
8,bkg_2018_TTbar_TTToSemiLeptonic,1,75803,75802536
9,bkg_2018_TTbar_TTToSemiLeptonic,1,61256,61255472
10,bkg_2018_TTbar_TTToSemiLeptonic,1,93991,93990443
11,bkg_2018_TTbar_TTToSemiLeptonic,1,145898,145897293
12,bkg_2018_TTbar_TTToSemiLeptonic,1,78257,78256963
13,bkg_2018_TTbar_TTToSemiLeptonic,1,104916,104915796
14,bkg_2018_TTbar_TTToSemiLeptonic,1,190004,190003330
15,bkg_2018_TTbar_TTToSemiLeptonic,1,255485,255484007
16,bkg_2018_TTbar_TTToSemiLeptonic,1,303719,303718954
17,bkg_2018_TTbar_TTToSemiLeptonic,1,319615,319614783
18,bkg_2018_TTbar_TTToSemiLeptonic,1,89364,89363970
19,bkg_2018_TTbar_TTToSemiLeptonic,1,82465,82464354
20,bkg_2018_TTbar_TTToSemiLeptonic,1,106250,106249705
21,bkg_2018_TTbar_TTToSemiLeptonic,1,108033,108032608
22,bkg_2018_TTbar_TTToSemiLeptonic,1,144339,144338602
23,bkg_2018_TTbar_TTToSemiLeptonic,1,95102,95101074
0,bkg_2018_TTbar_TTToSemiLeptonic,1,142588,142587551
1,bkg_2018_TTbar_TTToSemiLeptonic,1,222790,222789581
2,bkg_2018_TTbar_TTToSemiLeptonic,1,111409,111408251
3,bkg_2018_TTbar_TTToSemiLeptonic,1,200013,200012218
4,bkg_2018_TTbar_TTToSemiLeptonic,1,186965,186964732
5,bkg_2018_TTbar_TTToSemiLeptonic,1,213854,213853189
6,bkg_2018_TTbar_TTToSemiLeptonic,1,115909,115908277
7,bkg_2018_TTbar_TTToSemiLeptonic,1,351667,351666595
8,bkg_2018_TTbar_TTToSemiLeptonic,1,390157,390156819
9,bkg_2018_TTbar_TTToSemiLeptonic,1,279692,279691361
10,bkg_2018_TTbar_TTToSemiLeptonic,1,136742,136741535
11,bkg_2018_TTbar_TTToSemiLeptonic,1,175007,175006063
12,bkg_2018_TTbar_TTToSemiLeptonic,1,52043,52042192
13,bkg_2018_TTbar_TTToSemiLeptonic,1,2428,2427141
14,bkg_2018_TTbar_TTToSemiLeptonic,1,120921,120920051
15,bkg_2018_TTbar_TTToSemiLeptonic,1,122393,122392291
16,bkg_2018_TTbar_TTToSemiLeptonic,1,179470,179469576
17,bkg_2018_TTbar_TTToSemiLeptonic,1,139410,139409540
18,bkg_2018_TTbar_TTToSemiLeptonic,1,152198,152197293
19,bkg_2018_TTbar_TTToSemiLeptonic,1,234094,234093945
20,bkg_2018_TTbar_TTToSemiLeptonic,1,238247,238246018
21,bkg_2018_TTbar_TTToSemiLeptonic,1,161150,161149684
22,bkg_2018_TTbar_TTToSemiLeptonic,1,4862,4861354
23,bkg_2018_TTbar_TTToSemiLeptonic,1,157748,157747887
24,bkg_2018_TTbar_TTToSemiLeptonic,1,340825,340824859
25,bkg_2018_TTbar_TTToSemiLeptonic,1,195508,195507316
26,bkg_2018_TTbar_TTToSemiLeptonic,1,294138,294137916
27,bkg_2018_TTbar_TTToSemiLeptonic,1,211772,211771026
28,bkg_2018_TTbar_TTToSemiLeptonic,1,198781,198780027
29,bkg_2018_TTbar_TTToSemiLeptonic,1,238101,238100658
30,bkg_2018_TTbar_TTToSemiLeptonic,1,2417,2416146
31,bkg_2018_TTbar_TTToSemiLeptonic,1,221471,221470421
32,bkg_2018_TTbar_TTToSemiLeptonic,1,241287,241286560
33,bkg_2018_TTbar_TTToSemiLeptonic,1,255239,255238119
34,bkg_2018_TTbar_TTToSemiLeptonic,1,193607,193606142
35,bkg_2018_TTbar_TTToSemiLeptonic,1,226906,226905066
0,bkg_2018_TTbar_TTToSemiLeptonic,1,74665,74664371
1,bkg_2018_TTbar_TTToSemiLeptonic,1,95345,95344354
2,bkg_2018_TTbar_TTToSemiLeptonic,1,291950,291949440
3,bkg_2018_TTbar_TTToSemiLeptonic,1,484805,484804920
4,bkg_2018_TTbar_TTToSemiLeptonic,1,484597,484596926
5,bkg_2018_TTbar_TTToSemiLeptonic,1,141480,141479644
6,bkg_2018_TTbar_TTToSemiLeptonic,1,281974,281973001
7,bkg_2018_TTbar_TTToSemiLeptonic,1,185601,185600349
8,bkg_2018_TTbar_TTToSemiLeptonic,1,213726,213725950
9,bkg_2018_TTbar_TTToSemiLeptonic,1,299884,299883026
10,bkg_2018_TTbar_TTToSemiLeptonic,1,266413,266412769
11,bkg_2018_TTbar_TTToSemiLeptonic,1,286301,286300365
12,bkg_2018_TTbar_TTToSemiLeptonic,1,405802,405801818
13,bkg_2018_TTbar_TTToSemiLeptonic,1,203505,203504251
14,bkg_2018_TTbar_TTToSemiLeptonic,1,380256,380255161
15,bkg_2018_TTbar_TTToSemiLeptonic,1,494286,494285832
16,bkg_2018_TTbar_TTToSemiLeptonic,1,98591,98590297
17,bkg_2018_TTbar_TTToSemiLeptonic,1,65298,65297780
18,bkg_2018_TTbar_TTToSemiLeptonic,1,248626,248625207
19,bkg_2018_TTbar_TTToSemiLeptonic,1,495818,495817577
20,bkg_2018_TTbar_TTToSemiLeptonic,1,190416,190415953
21,bkg_2018_TTbar_TTToSemiLeptonic,1,370224,370223151
22,bkg_2018_TTbar_TTToSemiLeptonic,1,230186,230185486
23,bkg_2018_TTbar_TTToSemiLeptonic,1,120685,120684232
24,bkg_2018_TTbar_TTToSemiLeptonic,1,349,348001
25,bkg_2018_TTbar_TTToSemiLeptonic,1,80291,80290619
26,bkg_2018_TTbar_TTToSemiLeptonic,1,70824,70823650
0,bkg_2018_TTbar_TTToSemiLeptonic,1,362354,362353411
1,bkg_2018_TTbar_TTToSemiLeptonic,1,376763,376762507
2,bkg_2018_TTbar_TTToSemiLeptonic,1,390471,390470561
3,bkg_2018_TTbar_TTToSemiLeptonic,1,421456,421455576
4,bkg_2018_TTbar_TTToSemiLeptonic,1,410042,410041590
5,bkg_2018_TTbar_TTToSemiLeptonic,1,360837,360836709
6,bkg_2018_TTbar_TTToSemiLeptonic,1,361905,361904791
7,bkg_2018_TTbar_TTToSemiLeptonic,1,393161,393160101
8,bkg_2018_TTbar_TTToSemiLeptonic,1,423960,423959958
9,bkg_2018_TTbar_TTToSemiLeptonic,1,411254,411253933
10,bkg_2018_TTbar_TTToSemiLeptonic,1,451998,451997690
11,bkg_2018_TTbar_TTToSemiLeptonic,1,458209,458208018
12,bkg_2018_TTbar_TTToSemiLeptonic,1,402252,402251528
13,bkg_2018_TTbar_TTToSemiLeptonic,1,14236,14235212
14,bkg_2018_TTbar_TTToSemiLeptonic,1,14984,14983314
15,bkg_2018_TTbar_TTToSemiLeptonic,1,403830,403829946
16,bkg_2018_TTbar_TTToSemiLeptonic,1,60810,60809445
17,bkg_2018_TTbar_TTToSemiLeptonic,1,372440,372439493
18,bkg_2018_TTbar_TTToSemiLeptonic,1,402307,402306591
19,bkg_2018_TTbar_TTToSemiLeptonic,1,457134,457133184
20,bkg_2018_TTbar_TTToSemiLeptonic,1,377559,377558031
21,bkg_2018_TTbar_TTToSemiLeptonic,1,448608,448607446
22,bkg_2018_TTbar_TTToSemiLeptonic,1,449327,449326472
23,bkg_2018_TTbar_TTToSemiLeptonic,1,434981,434980384
24,bkg_2018_TTbar_TTToSemiLeptonic,1,16705,16704563
25,bkg_2018_TTbar_TTToSemiLeptonic,1,463327,463326840
26,bkg_2018_TTbar_TTToSemiLeptonic,1,452838,452837752
27,bkg_2018_TTbar_TTToSemiLeptonic,1,473968,473967194
0,bkg_2018_TTbar_TTToSemiLeptonic,1,302856,302855684
1,bkg_2018_TTbar_TTToSemiLeptonic,1,258199,258198703
2,bkg_2018_TTbar_TTToSemiLeptonic,1,497406,497405823
3,bkg_2018_TTbar_TTToSemiLeptonic,1,36556,36555139
4,bkg_2018_TTbar_TTToSemiLeptonic,1,269341,269340417
5,bkg_2018_TTbar_TTToSemiLeptonic,1,233006,233005414
6,bkg_2018_TTbar_TTToSemiLeptonic,1,306959,306958679
7,bkg_2018_TTbar_TTToSemiLeptonic,1,322390,322389447
8,bkg_2018_TTbar_TTToSemiLeptonic,1,235614,235613579
9,bkg_2018_TTbar_TTToSemiLeptonic,1,311278,311277291
10,bkg_2018_TTbar_TTToSemiLeptonic,1,238600,238599035
11,bkg_2018_TTbar_TTToSemiLeptonic,1,239239,239238689
12,bkg_2018_TTbar_TTToSemiLeptonic,1,250915,250914967
13,bkg_2018_TTbar_TTToSemiLeptonic,1,335546,335545023
14,bkg_2018_TTbar_TTToSemiLeptonic,1,339664,339663436
15,bkg_2018_TTbar_TTToSemiLeptonic,1,298077,298076344
16,bkg_2018_TTbar_TTToSemiLeptonic,1,299601,299600440
17,bkg_2018_TTbar_TTToSemiLeptonic,1,245409,245408038
18,bkg_2018_TTbar_TTToSemiLeptonic,1,340850,340849911
19,bkg_2018_TTbar_TTToSemiLeptonic,1,341879,341878353
20,bkg_2018_TTbar_TTToSemiLeptonic,1,347147,347146151
21,bkg_2018_TTbar_TTToSemiLeptonic,1,319555,319554751
22,bkg_2018_TTbar_TTToSemiLeptonic,1,282305,282304208
23,bkg_2018_TTbar_TTToSemiLeptonic,1,345040,345039675
24,bkg_2018_TTbar_TTToSemiLeptonic,1,290264,290263089
25,bkg_2018_TTbar_TTToSemiLeptonic,1,290284,290283832
26,bkg_2018_TTbar_TTToSemiLeptonic,1,260587,260586254
27,bkg_2018_TTbar_TTToSemiLeptonic,1,347824,347823739
28,bkg_2018_TTbar_TTToSemiLeptonic,1,366784,366783078
29,bkg_2018_TTbar_TTToSemiLeptonic,1,292937,292936776
30,bkg_2018_TTbar_TTToSemiLeptonic,1,293737,293736283
31,bkg_2018_TTbar_TTToSemiLeptonic,1,350299,350298667
32,bkg_2018_TTbar_TTToSemiLeptonic,1,351461,351460186
33,bkg_2018_TTbar_TTToSemiLeptonic,1,360654,360653452
0,bkg_2018_TTbar_TTTo2L2Nu,1,36915,36914894
1,bkg_2018_TTbar_TTTo2L2Nu,1,68468,68467177
2,bkg_2018_TTbar_TTTo2L2Nu,1,127341,127340427
3,bkg_2018_TTbar_TTTo2L2Nu,1,78973,78972954
4,bkg_2018_TTbar_TTTo2L2Nu,1,85007,85006531
5,bkg_2018_TTbar_TTTo2L2Nu,1,134250,134249018
6,bkg_2018_TTbar_TTTo2L2Nu,1,72957,72956880
7,bkg_2018_TTbar_TTTo2L2Nu,1,119800,119799936
8,bkg_2018_TTbar_TTTo2L2Nu,1,62993,62992496
9,bkg_2018_TTbar_TTTo2L2Nu,1,101544,101543759
10,bkg_2018_TTbar_TTTo2L2Nu,1,10442,10441554
0,bkg_2018_TTbar_TTTo2L2Nu,1,36326,36325117
1,bkg_2018_TTbar_TTTo2L2Nu,1,40066,40065148
2,bkg_2018_TTbar_TTTo2L2Nu,1,87724,87723882
3,bkg_2018_TTbar_TTTo2L2Nu,1,119739,119738865
4,bkg_2018_TTbar_TTTo2L2Nu,1,121911,121910514
5,bkg_2018_TTbar_TTTo2L2Nu,1,109290,109289701
0,bkg_2018_TTbar_TTTo2L2Nu,1,123599,123598142
1,bkg_2018_TTbar_TTTo2L2Nu,1,38281,38280247
2,bkg_2018_TTbar_TTTo2L2Nu,1,22594,22593475
3,bkg_2018_TTbar_TTTo2L2Nu,1,26407,26406344
4,bkg_2018_TTbar_TTTo2L2Nu,1,101881,101880867
5,bkg_2018_TTbar_TTTo2L2Nu,1,116379,116378959
6,bkg_2018_TTbar_TTTo2L2Nu,1,49599,49598925
7,bkg_2018_TTbar_TTTo2L2Nu,1,42790,42789451
8,bkg_2018_TTbar_TTTo2L2Nu,1,59690,59689170
9,bkg_2018_TTbar_TTTo2L2Nu,1,142489,142488565
10,bkg_2018_TTbar_TTTo2L2Nu,1,85360,85359682
11,bkg_2018_TTbar_TTTo2L2Nu,1,14144,14143352
12,bkg_2018_TTbar_TTTo2L2Nu,1,5679,5678175
13,bkg_2018_TTbar_TTTo2L2Nu,1,7870,7869467
14,bkg_2018_TTbar_TTTo2L2Nu,1,141939,141938179
15,bkg_2018_TTbar_TTTo2L2Nu,1,114401,114400833
16,bkg_2018_TTbar_TTTo2L2Nu,1,76194,76193356
17,bkg_2018_TTbar_TTTo2L2Nu,1,121653,121652912
18,bkg_2018_TTbar_TTTo2L2Nu,1,106177,106176632
19,bkg_2018_TTbar_TTTo2L2Nu,1,81817,81816023
20,bkg_2018_TTbar_TTTo2L2Nu,1,122053,122052019
21,bkg_2018_TTbar_TTTo2L2Nu,1,55242,55241694
22,bkg_2018_TTbar_TTTo2L2Nu,1,94511,94510796
23,bkg_2018_TTbar_TTTo2L2Nu,1,132571,132570847
24,bkg_2018_TTbar_TTTo2L2Nu,1,116590,116589421
0,bkg_2018_TTX_TTZToQQ,1,12352,12351197
1,bkg_2018_TTX_TTZToQQ,1,19087,19086318
2,bkg_2018_TTX_TTZToQQ,1,2360,2359105
3,bkg_2018_TTX_TTZToQQ,1,5074,5073513
4,bkg_2018_TTX_TTZToQQ,1,9791,9790689
5,bkg_2018_TTX_TTZToQQ,1,18492,18491601
6,bkg_2018_TTX_TTZToQQ,1,3469,3468289
7,bkg_2018_TTX_TTZToQQ,1,17688,17687326
0,bkg_2018_TTX_TTGJets,1,1161,1940172
1,bkg_2018_TTX_TTGJets,1,2641,4415279
2,bkg_2018_TTX_TTGJets,1,2922,4883994
0,bkg_2018_SingleTop_ST_tW_top,1,4355,4354836
1,bkg_2018_SingleTop_ST_tW_top,1,5610,5609372
0,bkg_2018_SingleTop_ST_t-channel_top,1,165950,165949307
0,bkg_2018_SingleTop_ST_t-channel_top,1,25135,25134963
1,bkg_2018_SingleTop_ST_t-channel_top,1,186448,186447227
0,bkg_2018_TTX_TTWJetsToLNu,1,245,396275
1,bkg_2018_TTX_TTWJetsToLNu,1,5722,9256678
2,bkg_2018_TTX_TTWJetsToLNu,1,2859,4624742
3,bkg_2018_TTX_TTWJetsToLNu,1,8617,13940870
4,bkg_2018_TTX_TTWJetsToLNu,1,2879,4657654
5,bkg_2018_TTX_TTWJetsToLNu,1,3710,6001909
6,bkg_2018_TTX_TTWJetsToLNu,1,6431,10405316
7,bkg_2018_TTX_TTWJetsToLNu,1,6516,10541583
8,bkg_2018_TTX_TTWJetsToLNu,1,616,996487
9,bkg_2018_TTX_TTWJetsToLNu,1,750,1213395
10,bkg_2018_TTX_TTWJetsToLNu,1,9072,14676895
11,bkg_2018_TTX_TTWJetsToLNu,1,6140,9933564
0,bkg_2018_SingleTop_ST_s-channel,1,5439,5438617
0,bkg_2018_Multiboson_WZZ,1,38,37287
1,bkg_2018_Multiboson_WZZ,1,90,89860
0,bkg_2018_Multiboson_ZZ,1,1313,1312911
0,bkg_2018_TTX_TTZToLLNuNu,1,18490,18489245
1,bkg_2018_TTX_TTZToLLNuNu,1,3977,3976275
2,bkg_2018_TTX_TTZToLLNuNu,1,1271,1270651
3,bkg_2018_TTX_TTZToLLNuNu,1,12151,12150007
4,bkg_2018_TTX_TTZToLLNuNu,1,314,313381
5,bkg_2018_TTX_TTZToLLNuNu,1,5062,5061064
6,bkg_2018_TTX_TTZToLLNuNu,1,8353,8352724
7,bkg_2018_TTX_TTZToLLNuNu,1,10426,10425960
8,bkg_2018_TTX_TTZToLLNuNu,1,10921,10920003
9,bkg_2018_TTX_TTZToLLNuNu,1,1890,1889554
10,bkg_2018_TTX_TTZToLLNuNu,1,16229,16228412
11,bkg_2018_TTX_TTZToLLNuNu,1,13121,13120356
12,bkg_2018_TTX_TTZToLLNuNu,1,1887,1886949
13,bkg_2018_TTX_TTZToLLNuNu,1,2309,2308837
14,bkg_2018_TTX_TTZToLLNuNu,1,13383,13382722
15,bkg_2018_TTX_TTZToLLNuNu,1,13129,13128311
16,bkg_2018_TTX_TTZToLLNuNu,1,16299,16298783
17,bkg_2018_TTX_TTZToLLNuNu,1,7204,7203775
18,bkg_2018_TTX_TTZToLLNuNu,1,16322,16321928
19,bkg_2018_TTX_TTZToLLNuNu,1,15861,15860485
20,bkg_2018_TTX_TTZToLLNuNu,1,3637,3636885
21,bkg_2018_TTX_TTZToLLNuNu,1,3866,3865549
22,bkg_2018_TTX_TTZToLLNuNu,1,6838,6837583
23,bkg_2018_TTX_TTZToLLNuNu,1,17258,17257186
24,bkg_2018_TTX_TTZToLLNuNu,1,19592,19591425
0,bkg_2018_Multiboson_WWZ,1,31,30655
1,bkg_2018_Multiboson_WWZ,1,136,135674
0,bkg_2018_Multiboson_WW,1,637,636563
1,bkg_2018_Multiboson_WW,1,2839,2838326
2,bkg_2018_Multiboson_WW,1,122,121636
0,bkg_2018_DY-M50_DYJetsToLL_M-50_HT-400to600,1,13750,99384027
1,bkg_2018_DY-M50_DYJetsToLL_M-50_HT-400to600,1,10791,77991484
2,bkg_2018_DY-M50_DYJetsToLL_M-50_HT-400to600,1,4951,35779803
3,bkg_2018_DY-M50_DYJetsToLL_M-50_HT-400to600,1,13332,96357318
4,bkg_2018_DY-M50_DYJetsToLL_M-50_HT-400to600,1,816,5893467
5,bkg_2018_DY-M50_DYJetsToLL_M-50_HT-400to600,1,3671,26526826
6,bkg_2018_DY-M50_DYJetsToLL_M-50_HT-400to600,1,631,4556394
7,bkg_2018_DY-M50_DYJetsToLL_M-50_HT-400to600,1,5240,37870973
8,bkg_2018_DY-M50_DYJetsToLL_M-50_HT-400to600,1,11506,83161388
9,bkg_2018_DY-M50_DYJetsToLL_M-50_HT-400to600,1,6358,45952879
10,bkg_2018_DY-M50_DYJetsToLL_M-50_HT-400to600,1,6915,49976464
11,bkg_2018_DY-M50_DYJetsToLL_M-50_HT-400to600,1,11019,79644906
12,bkg_2018_DY-M50_DYJetsToLL_M-50_HT-400to600,1,1479,10685423
13,bkg_2018_DY-M50_DYJetsToLL_M-50_HT-400to600,1,5385,38919250
14,bkg_2018_DY-M50_DYJetsToLL_M-50_HT-400to600,1,11674,84377963
15,bkg_2018_DY-M50_DYJetsToLL_M-50_HT-400to600,1,6723,48592174
16,bkg_2018_DY-M50_DYJetsToLL_M-50_HT-400to600,1,8150,58906724
17,bkg_2018_DY-M50_DYJetsToLL_M-50_HT-400to600,1,8163,58996687
18,bkg_2018_DY-M50_DYJetsToLL_M-50_HT-400to600,1,10176,73549955
19,bkg_2018_DY-M50_DYJetsToLL_M-50_HT-400to600,1,12643,91380537
20,bkg_2018_DY-M50_DYJetsToLL_M-50_HT-400to600,1,10120,73143995
0,bkg_2018_DY-M50_DYJetsToLL_M-50_HT-600to800,1,8616,58756534
1,bkg_2018_DY-M50_DYJetsToLL_M-50_HT-600to800,1,5084,34672572
2,bkg_2018_DY-M50_DYJetsToLL_M-50_HT-600to800,1,7556,51526630
3,bkg_2018_DY-M50_DYJetsToLL_M-50_HT-600to800,1,10893,74288565
4,bkg_2018_DY-M50_DYJetsToLL_M-50_HT-600to800,1,8445,57590230
5,bkg_2018_DY-M50_DYJetsToLL_M-50_HT-600to800,1,8445,57590188
6,bkg_2018_DY-M50_DYJetsToLL_M-50_HT-600to800,1,13496,92038345
7,bkg_2018_DY-M50_DYJetsToLL_M-50_HT-600to800,1,4099,27953411
8,bkg_2018_DY-M50_DYJetsToLL_M-50_HT-600to800,1,2042,13922499
9,bkg_2018_DY-M50_DYJetsToLL_M-50_HT-600to800,1,2361,16096721
10,bkg_2018_DY-M50_DYJetsToLL_M-50_HT-600to800,1,8758,59722997
11,bkg_2018_DY-M50_DYJetsToLL_M-50_HT-600to800,1,8823,60172531
12,bkg_2018_DY-M50_DYJetsToLL_M-50_HT-600to800,1,9601,65473534
13,bkg_2018_DY-M50_DYJetsToLL_M-50_HT-600to800,1,10390,70859428
14,bkg_2018_DY-M50_DYJetsToLL_M-50_HT-600to800,1,10051,68541593
15,bkg_2018_DY-M50_DYJetsToLL_M-50_HT-600to800,1,1889,12878028
16,bkg_2018_DY-M50_DYJetsToLL_M-50_HT-600to800,1,12750,86954412
17,bkg_2018_DY-M50_DYJetsToLL_M-50_HT-600to800,1,8958,61091570
18,bkg_2018_DY-M50_DYJetsToLL_M-50_HT-600to800,1,10425,71096846
19,bkg_2018_DY-M50_DYJetsToLL_M-50_HT-600to800,1,11951,81504473
20,bkg_2018_DY-M50_DYJetsToLL_M-50_HT-600to800,1,6582,44885362
21,bkg_2018_DY-M50_DYJetsToLL_M-50_HT-600to800,1,7337,50032779
22,bkg_2018_DY-M50_DYJetsToLL_M-50_HT-600to800,1,12442,84847854
23,bkg_2018_DY-M50_DYJetsToLL_M-50_HT-600to800,1,1236,8427019
24,bkg_2018_DY-M50_DYJetsToLL_M-50_HT-600to800,1,5196,35432111
25,bkg_2018_DY-M50_DYJetsToLL_M-50_HT-600to800,1,6739,45954031
26,bkg_2018_DY-M50_DYJetsToLL_M-50_HT-600to800,1,5596,38160433
27,bkg_2018_DY-M50_DYJetsToLL_M-50_HT-600to800,1,5924,40397136
28,bkg_2018_DY-M50_DYJetsToLL_M-50_HT-600to800,1,10763,73399982
29,bkg_2018_DY-M50_DYJetsToLL_M-50_HT-600to800,1,7468,50931398
30,bkg_2018_DY-M50_DYJetsToLL_M-50_HT-600to800,1,6718,45816710
31,bkg_2018_DY-M50_DYJetsToLL_M-50_HT-600to800,1,9626,65643959
32,bkg_2018_DY-M50_DYJetsToLL_M-50_HT-600to800,1,3732,25448918
33,bkg_2018_DY-M50_DYJetsToLL_M-50_HT-600to800,1,8483,57849273
34,bkg_2018_DY-M50_DYJetsToLL_M-50_HT-600to800,1,3309,22565212
35,bkg_2018_DY-M50_DYJetsToLL_M-50_HT-600to800,1,8244,56222315
0,bkg_2018_DY-M50_DYJetsToLL_M-50_HT-200to400,1,21928,188181231
1,bkg_2018_DY-M50_DYJetsToLL_M-50_HT-200to400,1,6430,55175788
2,bkg_2018_DY-M50_DYJetsToLL_M-50_HT-200to400,1,16320,140050920
3,bkg_2018_DY-M50_DYJetsToLL_M-50_HT-200to400,1,2147,18419425
4,bkg_2018_DY-M50_DYJetsToLL_M-50_HT-200to400,1,12797,109820039
0,bkg_2018_DY-M50_DYJetsToLL_M-50_HT-800to1200,1,5265,23267386
1,bkg_2018_DY-M50_DYJetsToLL_M-50_HT-800to1200,1,16782,74172976
2,bkg_2018_DY-M50_DYJetsToLL_M-50_HT-800to1200,1,16553,73162342
3,bkg_2018_DY-M50_DYJetsToLL_M-50_HT-800to1200,1,16159,71418404
4,bkg_2018_DY-M50_DYJetsToLL_M-50_HT-800to1200,1,13739,60723045
5,bkg_2018_DY-M50_DYJetsToLL_M-50_HT-800to1200,1,5540,24484606
6,bkg_2018_DY-M50_DYJetsToLL_M-50_HT-800to1200,1,577,2548802
7,bkg_2018_DY-M50_DYJetsToLL_M-50_HT-800to1200,1,19976,88291833
8,bkg_2018_DY-M50_DYJetsToLL_M-50_HT-800to1200,1,4890,21610135
9,bkg_2018_DY-M50_DYJetsToLL_M-50_HT-800to1200,1,19309,85341369
10,bkg_2018_DY-M50_DYJetsToLL_M-50_HT-800to1200,1,16038,70886928
11,bkg_2018_DY-M50_DYJetsToLL_M-50_HT-800to1200,1,926,4090541
12,bkg_2018_DY-M50_DYJetsToLL_M-50_HT-800to1200,1,7542,33332784
13,bkg_2018_DY-M50_DYJetsToLL_M-50_HT-800to1200,1,6652,29401124
14,bkg_2018_DY-M50_DYJetsToLL_M-50_HT-800to1200,1,12078,53383248
15,bkg_2018_DY-M50_DYJetsToLL_M-50_HT-800to1200,1,5974,26401834
16,bkg_2018_DY-M50_DYJetsToLL_M-50_HT-800to1200,1,16849,74472264
17,bkg_2018_DY-M50_DYJetsToLL_M-50_HT-800to1200,1,13381,59143729
18,bkg_2018_DY-M50_DYJetsToLL_M-50_HT-800to1200,1,6954,30732708
19,bkg_2018_DY-M50_DYJetsToLL_M-50_HT-800to1200,1,19357,85554810
20,bkg_2018_DY-M50_DYJetsToLL_M-50_HT-800to1200,1,18511,81816244
21,bkg_2018_DY-M50_DYJetsToLL_M-50_HT-800to1200,1,9761,43139979
22,bkg_2018_DY-M50_DYJetsToLL_M-50_HT-800to1200,1,9568,42289764
23,bkg_2018_DY-M50_DYJetsToLL_M-50_HT-800to1200,1,13130,58030497
24,bkg_2018_DY-M50_DYJetsToLL_M-50_HT-800to1200,1,11202,49509136
25,bkg_2018_DY-M50_DYJetsToLL_M-50_HT-800to1200,1,579,2556791
26,bkg_2018_DY-M50_DYJetsToLL_M-50_HT-800to1200,1,8186,36180215
27,bkg_2018_DY-M50_DYJetsToLL_M-50_HT-800to1200,1,11978,52942647
28,bkg_2018_DY-M50_DYJetsToLL_M-50_HT-800to1200,1,19406,85773352
29,bkg_2018_DY-M50_DYJetsToLL_M-50_HT-800to1200,1,15166,67030103
30,bkg_2018_DY-M50_DYJetsToLL_M-50_HT-800to1200,1,19694,87043603
31,bkg_2018_DY-M50_DYJetsToLL_M-50_HT-800to1200,1,19414,85808603
0,bkg_2018_DY-M4to50_DYJetsToLL_M-4to50_HT-400to600,1,10825,43383887
1,bkg_2018_DY-M4to50_DYJetsToLL_M-4to50_HT-400to600,1,13168,52773378
2,bkg_2018_DY-M4to50_DYJetsToLL_M-4to50_HT-400to600,1,8559,34301341
3,bkg_2018_DY-M4to50_DYJetsToLL_M-4to50_HT-400to600,1,16875,67634547
4,bkg_2018_DY-M4to50_DYJetsToLL_M-4to50_HT-400to600,1,14048,56302486
5,bkg_2018_DY-M4to50_DYJetsToLL_M-4to50_HT-400to600,1,29966,120100960
6,bkg_2018_DY-M4to50_DYJetsToLL_M-4to50_HT-400to600,1,37402,149906375
7,bkg_2018_DY-M4to50_DYJetsToLL_M-4to50_HT-400to600,1,16023,64216687
8,bkg_2018_DY-M4to50_DYJetsToLL_M-4to50_HT-400to600,1,8258,33095304
9,bkg_2018_DY-M4to50_DYJetsToLL_M-4to50_HT-400to600,1,16843,67503397
0,bkg_2018_DY-M50_DYJetsToLL_M-50_HT-2500toInf,1,3217,11496846
1,bkg_2018_DY-M50_DYJetsToLL_M-50_HT-2500toInf,1,878,3136917
0,bkg_2018_DY-M4to50_DYJetsToLL_M-4to50_HT-600toInf,1,7821,22960320
1,bkg_2018_DY-M4to50_DYJetsToLL_M-4to50_HT-600toInf,1,49086,144116289
2,bkg_2018_DY-M4to50_DYJetsToLL_M-4to50_HT-600toInf,1,1376,4038095
3,bkg_2018_DY-M4to50_DYJetsToLL_M-4to50_HT-600toInf,1,13630,40015147
4,bkg_2018_DY-M4to50_DYJetsToLL_M-4to50_HT-600toInf,1,31941,93776313
5,bkg_2018_DY-M4to50_DYJetsToLL_M-4to50_HT-600toInf,1,30375,89178393
6,bkg_2018_DY-M4to50_DYJetsToLL_M-4to50_HT-600toInf,1,35023,102824897
7,bkg_2018_DY-M4to50_DYJetsToLL_M-4to50_HT-600toInf,1,46982,137936566
8,bkg_2018_DY-M4to50_DYJetsToLL_M-4to50_HT-600toInf,1,27995,82191566
9,bkg_2018_DY-M4to50_DYJetsToLL_M-4to50_HT-600toInf,1,48751,143131724
10,bkg_2018_DY-M4to50_DYJetsToLL_M-4to50_HT-600toInf,1,52848,155158957
11,bkg_2018_DY-M4to50_DYJetsToLL_M-4to50_HT-600toInf,1,51419,150964009
0,bkg_2018_DY-M50_DYJetsToLL_M-50_HT-1200to2500,1,8522,46146156
1,bkg_2018_DY-M50_DYJetsToLL_M-50_HT-1200to2500,1,8418,45578828
2,bkg_2018_DY-M50_DYJetsToLL_M-50_HT-1200to2500,1,8767,47471319
3,bkg_2018_DY-M50_DYJetsToLL_M-50_HT-1200to2500,1,5103,27628249
4,bkg_2018_DY-M50_DYJetsToLL_M-50_HT-1200to2500,1,8223,44524660
5,bkg_2018_DY-M50_DYJetsToLL_M-50_HT-1200to2500,1,14532,78690265
6,bkg_2018_DY-M50_DYJetsToLL_M-50_HT-1200to2500,1,14331,77597061
7,bkg_2018_DY-M50_DYJetsToLL_M-50_HT-1200to2500,1,4358,23593236
8,bkg_2018_DY-M50_DYJetsToLL_M-50_HT-1200to2500,1,12249,66323683
9,bkg_2018_DY-M50_DYJetsToLL_M-50_HT-1200to2500,1,2597,14062572
10,bkg_2018_DY-M50_DYJetsToLL_M-50_HT-1200to2500,1,8592,46524015
11,bkg_2018_DY-M50_DYJetsToLL_M-50_HT-1200to2500,1,2698,14607587
12,bkg_2018_DY-M50_DYJetsToLL_M-50_HT-1200to2500,1,4132,22371657
13,bkg_2018_DY-M50_DYJetsToLL_M-50_HT-1200to2500,1,4950,26799310
14,bkg_2018_DY-M50_DYJetsToLL_M-50_HT-1200to2500,1,7419,40170364
15,bkg_2018_DY-M50_DYJetsToLL_M-50_HT-1200to2500,1,7990,43261852
16,bkg_2018_DY-M50_DYJetsToLL_M-50_HT-1200to2500,1,15999,86630183
17,bkg_2018_DY-M50_DYJetsToLL_M-50_HT-1200to2500,1,4361,23613782
18,bkg_2018_DY-M50_DYJetsToLL_M-50_HT-1200to2500,1,11965,64787494
19,bkg_2018_DY-M50_DYJetsToLL_M-50_HT-1200to2500,1,6601,35741547
20,bkg_2018_DY-M50_DYJetsToLL_M-50_HT-1200to2500,1,9999,54142675
21,bkg_2018_DY-M50_DYJetsToLL_M-50_HT-1200to2500,1,13388,72491029
22,bkg_2018_DY-M50_DYJetsToLL_M-50_HT-1200to2500,1,15464,83733677
23,bkg_2018_DY-M50_DYJetsToLL_M-50_HT-1200to2500,1,5959,32264414
24,bkg_2018_DY-M50_DYJetsToLL_M-50_HT-1200to2500,1,13707,74220651
0,data_2018_Data_MET_UL18_MET_Run2018D,324841,900,1647769859
1,data_2018_Data_MET_UL18_MET_Run2018D,324293,2166,3783605874
2,data_2018_Data_MET_UL18_MET_Run2018D,324293,1963,3515625468
3,data_2018_Data_MET_UL18_MET_Run2018D,324835,95,109314011
4,data_2018_Data_MET_UL18_MET_Run2018D,324293,1926,3463272340
5,data_2018_Data_MET_UL18_MET_Run2018D,324315,97,181867527
6,data_2018_Data_MET_UL18_MET_Run2018D,324315,126,240866426
7,data_2018_Data_MET_UL18_MET_Run2018D,323525,674,1150448376
8,data_2018_Data_MET_UL18_MET_Run2018D,324245,781,1470549431
9,data_2018_Data_MET_UL18_MET_Run2018D,324980,1975,3568119541
0,data_2018_Data_MET_UL18_MET_Run2018D,321908,132,155329612
1,data_2018_Data_MET_UL18_MET_Run2018D,321295,180,287762759
2,data_2018_Data_MET_UL18_MET_Run2018D,321973,468,814163225
3,data_2018_Data_MET_UL18_MET_Run2018D,321305,186,291038267
4,data_2018_Data_MET_UL18_MET_Run2018D,322022,396,657225960
5,data_2018_Data_MET_UL18_MET_Run2018D,321475,1296,2042135360
6,data_2018_Data_MET_UL18_MET_Run2018D,321917,758,1378133408
7,data_2018_Data_MET_UL18_MET_Run2018D,321414,291,494712382
8,data_2018_Data_MET_UL18_MET_Run2018D,322068,475,804955744
9,data_2018_Data_MET_UL18_MET_Run2018D,321475,772,1237525615
10,data_2018_Data_MET_UL18_MET_Run2018D,322113,143,189138790
11,data_2018_Data_MET_UL18_MET_Run2018D,321431,109,150643136
12,data_2018_Data_MET_UL18_MET_Run2018D,321457,915,1467875735
13,data_2018_Data_MET_UL18_MET_Run2018D,321732,999,1779702225
14,data_2018_Data_MET_UL18_MET_Run2018D,321760,4,3077475
15,data_2018_Data_MET_UL18_MET_Run2018D,323495,139,257153036
0,data_2018_Data_MET_UL18_MET_Run2018D,322381,407,697233902
1,data_2018_Data_MET_UL18_MET_Run2018D,323525,315,537257306
2,data_2018_Data_MET_UL18_MET_Run2018D,322625,178,257154943
3,data_2018_Data_MET_UL18_MET_Run2018D,324022,219,392979072
4,data_2018_Data_MET_UL18_MET_Run2018D,323755,405,705881999
5,data_2018_Data_MET_UL18_MET_Run2018D,321295,519,823375593
6,data_2018_Data_MET_UL18_MET_Run2018D,324077,417,719100283
0,data_2018_Data_MET_UL18_MET_Run2018D,320853,166,209229606
1,data_2018_Data_MET_UL18_MET_Run2018D,321295,733,1170557152
2,data_2018_Data_MET_UL18_MET_Run2018D,320673,540,344835065
3,data_2018_Data_MET_UL18_MET_Run2018D,320822,302,503279909
4,data_2018_Data_MET_UL18_MET_Run2018D,321007,92,149860238
5,data_2018_Data_MET_UL18_MET_Run2018D,320858,36,59685439
6,data_2018_Data_MET_UL18_MET_Run2018D,320916,14,10780252
7,data_2018_Data_MET_UL18_MET_Run2018D,321832,348,587316749
8,data_2018_Data_MET_UL18_MET_Run2018D,320917,500,831034435
9,data_2018_Data_MET_UL18_MET_Run2018D,321124,75,109119777
10,data_2018_Data_MET_UL18_MET_Run2018D,321908,435,711091592
11,data_2018_Data_MET_UL18_MET_Run2018D,321475,1952,3003449264
12,data_2018_Data_MET_UL18_MET_Run2018D,321149,1368,2051757462
0,data_2018_Data_MET_UL18_MET_Run2018D,323727,874,1568183863
1,data_2018_Data_MET_UL18_MET_Run2018D,324747,81,39650054
2,data_2018_Data_MET_UL18_MET_Run2018D,321961,306,568174013
0,data_2018_Data_MET_UL18_MET_Run2018D,321832,455,768964448
1,data_2018_Data_MET_UL18_MET_Run2018D,324293,1562,2881332024
2,data_2018_Data_MET_UL18_MET_Run2018D,320823,68,95529569
3,data_2018_Data_MET_UL18_MET_Run2018D,323474,224,420028502
0,data_2018_Data_MET_UL18_MET_Run2018D,322431,373,648688039
1,data_2018_Data_MET_UL18_MET_Run2018D,323857,311,547040417
2,data_2018_Data_MET_UL18_MET_Run2018D,322492,13,19101947
3,data_2018_Data_MET_UL18_MET_Run2018D,323702,97,159980225
4,data_2018_Data_MET_UL18_MET_Run2018D,322599,262,433128954
5,data_2018_Data_MET_UL18_MET_Run2018D,325159,241,375614350
6,data_2018_Data_MET_UL18_MET_Run2018D,324237,168,258247648
0,data_2018_Data_MET_UL18_MET_Run2018C,319991,633,978261336
1,data_2018_Data_MET_UL18_MET_Run2018C,320023,96,131758350
2,data_2018_Data_MET_UL18_MET_Run2018C,320064,87,139965689
0,data_2018_Data_MET_UL18_MET_Run2018D,320917,1771,2799853832
1,data_2018_Data_MET_UL18_MET_Run2018D,321219,626,916025885
2,data_2018_Data_MET_UL18_MET_Run2018D,322348,886,1599199887
3,data_2018_Data_MET_UL18_MET_Run2018D,321475,756,1211160812
4,data_2018_Data_MET_UL18_MET_Run2018D,321305,1764,2747892835
5,data_2018_Data_MET_UL18_MET_Run2018D,321909,537,898110149
6,data_2018_Data_MET_UL18_MET_Run2018D,323778,76,147751366
7,data_2018_Data_MET_UL18_MET_Run2018D,321396,1419,2183002426
8,data_2018_Data_MET_UL18_MET_Run2018D,322022,897,1554107732
9,data_2018_Data_MET_UL18_MET_Run2018D,322332,885,1555927176
10,data_2018_Data_MET_UL18_MET_Run2018D,321975,834,1351488647
11,data_2018_Data_MET_UL18_MET_Run2018D,320822,518,839978903
0,data_2018_Data_MET_UL18_MET_Run2018B,317641,1342,1991966333
1,data_2018_Data_MET_UL18_MET_Run2018B,317696,327,460001276
2,data_2018_Data_MET_UL18_MET_Run2018B,317649,436,670813655
3,data_2018_Data_MET_UL18_MET_Run2018B,317626,137,183322778
4,data_2018_Data_MET_UL18_MET_Run2018B,317089,36,42738172
5,data_2018_Data_MET_UL18_MET_Run2018B,317392,1643,2368039453
6,data_2018_Data_MET_UL18_MET_Run2018B,318874,184,299848545
7,data_2018_Data_MET_UL18_MET_Run2018B,317435,640,918795857
8,data_2018_Data_MET_UL18_MET_Run2018B,317392,2,2009212
0,data_2018_Data_MET_UL18_MET_Run2018C,319993,564,870862161
1,data_2018_Data_MET_UL18_MET_Run2018C,319993,659,1031679176
2,data_2018_Data_MET_UL18_MET_Run2018C,319528,46,69568546
3,data_2018_Data_MET_UL18_MET_Run2018C,319756,829,1348281036
4,data_2018_Data_MET_UL18_MET_Run2018C,320038,67,53026025
5,data_2018_Data_MET_UL18_MET_Run2018C,320064,80,128645778
6,data_2018_Data_MET_UL18_MET_Run2018C,319915,86,133205102
7,data_2018_Data_MET_UL18_MET_Run2018C,320065,355,572214918
8,data_2018_Data_MET_UL18_MET_Run2018C,319579,1572,2412612431
9,data_2018_Data_MET_UL18_MET_Run2018C,319579,3064,4616649416
10,data_2018_Data_MET_UL18_MET_Run2018C,319625,124,184695273
11,data_2018_Data_MET_UL18_MET_Run2018C,319656,250,310192599
0,data_2018_Data_MET_UL18_MET_Run2018A,316993,158,171875926
1,data_2018_Data_MET_UL18_MET_Run2018A,316702,110,156681020
2,data_2018_Data_MET_UL18_MET_Run2018A,315270,170,145961595
3,data_2018_Data_MET_UL18_MET_Run2018A,315645,587,542579487
0,data_2018_Data_MET_UL18_MET_Run2018A,316199,409,576995145
1,data_2018_Data_MET_UL18_MET_Run2018A,316380,523,389938160
2,data_2018_Data_MET_UL18_MET_Run2018A,315770,143,175861902
3,data_2018_Data_MET_UL18_MET_Run2018A,315713,420,548584641
0,data_2018_Data_MET_UL18_MET_Run2018A,316615,157,97138546
1,data_2018_Data_MET_UL18_MET_Run2018A,315339,497,330432978
0,data_2018_Data_MET_UL18_MET_Run2018A,316666,661,942596098
1,data_2018_Data_MET_UL18_MET_Run2018A,316758,894,1273566514
2,data_2018_Data_MET_UL18_MET_Run2018A,315703,8,8890333
3,data_2018_Data_MET_UL18_MET_Run2018A,315361,365,313046245
4,data_2018_Data_MET_UL18_MET_Run2018A,316362,436,302758273
0,data_2018_Data_MET_UL18_MET_Run2018A,316613,227,131865051
1,data_2018_Data_MET_UL18_MET_Run2018A,316569,1297,1778301539
2,data_2018_Data_MET_UL18_MET_Run2018A,315646,130,96065239
3,data_2018_Data_MET_UL18_MET_Run2018A,316718,288,426734529
4,data_2018_Data_MET_UL18_MET_Run2018A,316240,411,559117824
5,data_2018_Data_MET_UL18_MET_Run2018A,316505,517,613874739
6,data_2018_Data_MET_UL18_MET_Run2018A,316218,261,376374601
7,data_2018_Data_MET_UL18_MET_Run2018A,316766,963,1323622444
8,data_2018_Data_MET_UL18_MET_Run2018A,316876,497,692351163
9,data_2018_Data_MET_UL18_MET_Run2018A,316879,12,11263951
10,data_2018_Data_MET_UL18_MET_Run2018A,315840,861,975335321
11,data_2018_Data_MET_UL18_MET_Run2018A,315840,937,1041914372
12,data_2018_Data_MET_UL18_MET_Run2018A,315790,55,39303882
13,data_2018_Data_MET_UL18_MET_Run2018A,315790,136,99975075
14,data_2018_Data_MET_UL18_MET_Run2018A,316216,64,60067224
